BEFORE,5,2637561180.767
BEFORE,16,934079958.689
BEFORE,27,1420353192.742
BEFORE,38,1656240033.346
BEFORE,48,1182678692.318
BEFORE,59,1317613039.254
BEFORE,70,2075845274.962
BEFORE,81,987973974.770
BEFORE,92,900963080.257
BEFORE,102,1119715393.331
BEFORE,113,1913109470.488
BEFORE,124,1328414398.091
BEFORE,135,1277539964.847
BEFORE,145,1819438463.674
BEFORE,156,1023972715.403
BEFORE,167,57199970.809
BEFORE,178,2470152536.770
BEFORE,188,1847950649.988
BEFORE,199,702988023.061
BEFORE,210,2222894702.980
BEFORE,221,1829523217.220
BEFORE,231,1251380195.588
BEFORE,242,1446702840.027
BEFORE,253,1352228947.641
BEFORE,264,659282138.531
BEFORE,275,680716796.845
BEFORE,285,1077782302.133
BEFORE,296,1441905131.559
BEFORE,307,1250981176.728
BEFORE,318,1697308713.166
BEFORE,328,2288700856.580
BEFORE,339,825943202.039
BEFORE,350,1419979757.358
BEFORE,361,2345057149.183
BEFORE,371,624842075.625
BEFORE,382,897594880.728
BEFORE,393,2061614113.110
BEFORE,404,1454908564.374
BEFORE,415,1349727932.212
BEFORE,425,1823777263.676
BEFORE,436,1165652554.900
BEFORE,447,933188476.008
BEFORE,458,759554232.939
BEFORE,468,1796455638.109
BEFORE,479,1358891008.427
BEFORE,490,1089558779.477
BEFORE,501,1838259217.131
BEFORE,511,1917487557.307
BEFORE,522,835602259.704
BEFORE,533,2227037628.222
BEFORE,544,2408021575.931
BEFORE,554,633655412.289
BEFORE,565,1313805454.231
BEFORE,576,1543873208.974
BEFORE,587,1277844529.502
BEFORE,598,1267466724.188
BEFORE,608,2213356468.454
BEFORE,619,1298065158.930
BEFORE,630,1097903724.697
BEFORE,641,1080651715.914
BEFORE,651,2098144905.540
BEFORE,662,1399140178.356
BEFORE,673,1392173523.583
BEFORE,684,1797071347.122
BEFORE,694,1099643097.359
BEFORE,705,270964909.421
BEFORE,716,2278786594.636
BEFORE,727,2251527606.672
BEFORE,738,771177410.238
BEFORE,748,2086150889.402
BEFORE,759,1820265501.542
BEFORE,770,1152891430.807
BEFORE,781,1427123771.261
BEFORE,791,1732680246.001
BEFORE,802,955751694.791
BEFORE,813,817400465.752
BEFORE,824,1013345987.282
BEFORE,834,1731001630.917
BEFORE,845,1354951676.350
BEFORE,856,1655370223.136
BEFORE,867,2201658610.388
BEFORE,877,873371441.212
BEFORE,888,937344959.357
BEFORE,899,2388497933.171
BEFORE,910,1312739774.397
BEFORE,921,678754029.915
BEFORE,931,2376866117.167
BEFORE,942,1595200670.586
BEFORE,953,1254702033.808
BEFORE,964,1623016920.840
BEFORE,974,1221113710.698
BEFORE,985,968735127.824
BEFORE,996,651078844.300
BEFORE,1007,1501956187.480
BEFORE,1017,1555229101.148
BEFORE,1028,1152554044.873
BEFORE,1039,1874896639.697
BEFORE,1050,2269150232.396
BEFORE,1061,851016595.137
BEFORE,1071,2031751953.504
BEFORE,1082,2453936533.571
BEFORE,1093,222070270.306
BEFORE,1104,1184263431.282
BEFORE,1114,1675498463.040
BEFORE,1125,1330928439.328
BEFORE,1136,1177632453.834
BEFORE,1147,2226221796.619
BEFORE,1157,1474413678.002
BEFORE,1168,1202579049.207
BEFORE,1179,937396592.240
BEFORE,1190,2072987748.555
BEFORE,1200,1550703638.412
BEFORE,1211,1336376484.841
BEFORE,1222,1935745334.042
BEFORE,1233,1508111574.731
BEFORE,1244,489976349.707
BEFORE,1254,2329443848.666
BEFORE,1265,2464453229.046
BEFORE,1276,832374367.903
BEFORE,1287,1880053603.342
BEFORE,1297,1740507162.213
BEFORE,1308,1252101310.071
BEFORE,1319,1344062673.937
BEFORE,1330,2116686077.062
BEFORE,1340,1391957689.830
BEFORE,1351,1043818542.459
BEFORE,1362,1015066591.124
BEFORE,1373,1910474524.991
BEFORE,1384,1512378870.856
BEFORE,1394,1643626591.787
BEFORE,1405,2177910979.471
BEFORE,1416,909462646.920
BEFORE,1427,501747895.581
BEFORE,1437,2384945675.940
BEFORE,1448,1969881399.403
BEFORE,1459,300011622.976
BEFORE,1470,2571220991.329
BEFORE,1480,1803149554.825
BEFORE,1491,1209291625.596
BEFORE,1502,1526888426.446
BEFORE,1513,1502499206.000
BEFORE,1523,1212971326.878
BEFORE,1534,700413885.540
BEFORE,1545,1247362852.874
BEFORE,1556,1736038701.828
BEFORE,1567,1304355881.852
BEFORE,1577,1798643413.493
BEFORE,1588,2494336953.182
BEFORE,1599,978895346.103
BEFORE,1610,1707332850.619
BEFORE,1620,2523998218.362
BEFORE,1631,498893318.848
BEFORE,1642,982654493.370
BEFORE,1653,2090515801.310
BEFORE,1663,1482696019.102
BEFORE,1674,1138177668.611
BEFORE,1685,2112613446.793
BEFORE,1696,1578838023.813
BEFORE,1707,1396837226.192
BEFORE,1717,814585627.887
BEFORE,1728,1965422791.998
BEFORE,1739,1716625775.478
BEFORE,1750,1218295406.938
BEFORE,1760,2046875489.168
BEFORE,1771,2084500636.549
BEFORE,1782,679767688.025
BEFORE,1793,2294570874.282
BEFORE,1803,2580194934.071
BEFORE,1814,690979874.741
BEFORE,1825,1670546471.891
BEFORE,1836,1674705855.066
BEFORE,1846,1419637227.167
BEFORE,1857,1216574089.959
BEFORE,1868,2408362699.845
BEFORE,1879,1796959571.494
BEFORE,1890,1270666012.454
BEFORE,1900,956478338.671
BEFORE,1911,2062892391.661
BEFORE,1922,1692142991.502
BEFORE,1933,1621350593.704
BEFORE,1943,2251839132.469
BEFORE,1954,1159544208.722
BEFORE,1965,313157854.109
BEFORE,1976,2384263232.736
BEFORE,1986,2514441157.930
BEFORE,1997,360989090.739
BEFORE,2008,2595269724.538
BEFORE,2019,1958350016.205
BEFORE,2030,1308987072.125
BEFORE,2040,1427263844.072
BEFORE,2051,1917564981.824
BEFORE,2062,1641440709.269
BEFORE,2073,889755214.968
BEFORE,2083,1119496232.445
BEFORE,2094,1861019386.144
BEFORE,2105,1533718037.910
BEFORE,2116,1697540203.090
BEFORE,2126,2611366220.973
BEFORE,2137,1125421802.357
BEFORE,2148,1306363583.555
BEFORE,2159,2586141696.134
BEFORE,2169,1360028525.273
BEFORE,2180,670423475.497
BEFORE,2191,2529263189.980
BEFORE,2202,1686939455.132
BEFORE,2213,1091958336.935
BEFORE,2223,1922682475.726
BEFORE,2234,1674477422.184
BEFORE,2245,1648463834.272
BEFORE,2256,757147101.009
BEFORE,2266,1787410263.562
BEFORE,2277,1924579019.551
BEFORE,2288,1227020669.161
BEFORE,2299,1911109737.119
BEFORE,2309,2642398357.645
BEFORE,2320,987576935.862
BEFORE,2331,2151882903.699
BEFORE,2342,2651683110.608
BEFORE,2353,371136208.573
BEFORE,2363,1498085630.748
BEFORE,2374,1799815440.059
BEFORE,2385,1593237292.206
BEFORE,2396,1062230120.711
BEFORE,2406,2505284630.151
BEFORE,2417,2024559494.474
BEFORE,2428,1544654401.831
BEFORE,2439,844836016.283
BEFORE,2449,2168338951.963
BEFORE,2460,1903565173.459
BEFORE,2471,1477860902.518
BEFORE,2482,2306511746.131
BEFORE,2492,1710546316.499
BEFORE,2503,559537466.640
BEFORE,2514,2332978185.314
BEFORE,2525,2864863315.738
BEFORE,2536,697483971.495
BEFORE,2546,2501550792.640
BEFORE,2557,2033206966.083
BEFORE,2568,1477172538.495
BEFORE,2579,1306327154.672
BEFORE,2589,2343007526.386
BEFORE,2600,2111163903.907
BEFORE,2611,1172980125.635
BEFORE,2622,995267378.831
BEFORE,2632,2011538345.866
BEFORE,2643,1796715318.513
BEFORE,2654,1625291798.866
BEFORE,2665,2626874373.775
BEFORE,2676,1244555491.452
BEFORE,2686,961958570.690
BEFORE,2697,2591205049.396
BEFORE,2708,2207253984.592
BEFORE,2719,535031822.927
BEFORE,2729,2848479414.574
BEFORE,2740,1933158994.471
BEFORE,2751,1131990321.978
BEFORE,2762,1717992844.526
BEFORE,2772,1902677814.827
BEFORE,2783,2035793783.966
BEFORE,2794,831855935.870
BEFORE,2805,1582085336.111
BEFORE,2815,2044780337.004
BEFORE,2826,1481431645.365
BEFORE,2837,1596926369.531
BEFORE,2848,3032430665.798
BEFORE,2859,1350030137.160
BEFORE,2869,1899486045.264
BEFORE,2880,2719189463.670
BEFORE,2891,679892156.537
BEFORE,2902,1345973952.699
BEFORE,2912,2101501354.304
BEFORE,2923,1766612719.875
BEFORE,2934,906341441.942
BEFORE,2945,2399459750.347
BEFORE,2955,2095783160.401
BEFORE,2966,1869437615.835
BEFORE,2977,745044139.913
BEFORE,2988,2147739132.205
BEFORE,2998,2157496403.009
BEFORE,3009,1298048979.591
BEFORE,3020,2194268529.829
BEFORE,3031,2393610225.493
BEFORE,3042,954700158.258
BEFORE,3052,2202512537.303
BEFORE,3063,3024230447.055
BEFORE,3074,877393914.633
BEFORE,3085,2372885654.267
BEFORE,3095,2043478239.672
BEFORE,3106,1696177243.534
BEFORE,3117,1140752685.936
BEFORE,3128,2603324084.052
BEFORE,3138,2468127063.314
BEFORE,3149,1507523737.215
BEFORE,3160,891047362.888
BEFORE,3171,2159561279.260
BEFORE,3182,2030898365.839
BEFORE,3192,1513398765.436
BEFORE,3203,2583077432.094
BEFORE,3214,1486956132.769
BEFORE,3225,852518454.468
BEFORE,3235,2461989974.511
BEFORE,3246,2879744745.369
BEFORE,3257,938172383.757
BEFORE,3268,2999214043.231
BEFORE,3278,2146186769.499
BEFORE,3289,1263721867.355
BEFORE,3300,1518164900.986
BEFORE,3311,2232719150.046
BEFORE,3321,2503973050.588
BEFORE,3332,1053077439.798
BEFORE,3343,1380128110.624
BEFORE,3354,2130920026.906
BEFORE,3365,1856452253.382
BEFORE,3375,1235691953.379
BEFORE,3386,3209888570.618
BEFORE,3397,1654723413.893
BEFORE,3408,1574359462.263
BEFORE,3418,2747948591.857
BEFORE,3429,1521175203.703
BEFORE,3440,1375814697.343
BEFORE,3451,2455730508.559
BEFORE,3461,1956313620.733
BEFORE,3472,830433831.856
BEFORE,3483,2158309182.468
BEFORE,3494,2094691529.519
BEFORE,3505,2220902913.048
BEFORE,3515,738800033.048
BEFORE,3526,2037122336.336
BEFORE,3537,2394888945.626
BEFORE,3548,1328100300.431
BEFORE,3558,1798695452.482
BEFORE,3569,3023641651.828
BEFORE,3580,1399606794.893
BEFORE,3591,2029095049.632
BEFORE,3601,3020017685.850
BEFORE,3612,958325466.322
BEFORE,3623,2314299187.736
BEFORE,3634,2076338134.488
BEFORE,3644,1920202895.017
BEFORE,3655,930498349.446
BEFORE,3666,2652551827.647
BEFORE,3677,2585415046.201
BEFORE,3688,1865457295.439
BEFORE,3698,832062856.701
BEFORE,3709,2257260438.575
BEFORE,3720,2302034688.338
BEFORE,3731,1278460474.278
BEFORE,3741,2437643570.518
BEFORE,3752,1911326901.009
BEFORE,3763,1051101385.419
BEFORE,3774,2215183385.866
BEFORE,3784,3307963914.994
BEFORE,3795,1414558196.957
BEFORE,3806,3054861871.249
BEFORE,3817,2262854011.969
BEFORE,3828,1502451558.262
BEFORE,3838,1333016246.263
BEFORE,3849,2542371265.100
BEFORE,3860,2920072444.070
BEFORE,3871,1389606081.618
BEFORE,3881,1223725028.578
BEFORE,3892,2171217710.999
BEFORE,3903,2211895673.793
BEFORE,3914,1003985109.871
BEFORE,3924,3215659961.897
BEFORE,3935,1883084964.048
BEFORE,3946,1293892329.400
BEFORE,3957,2651864417.421
BEFORE,3967,2391706111.419
BEFORE,3978,1745585177.775
BEFORE,3989,2748620316.175
BEFORE,4000,2138813679.305
BEFORE,4011,883219887.874
BEFORE,4021,1869256807.944
BEFORE,4032,2162357827.362
BEFORE,4043,2632908832.357
BEFORE,4054,863980062.576
BEFORE,4064,1847459178.195
BEFORE,4075,2530892670.481
BEFORE,4086,1728214850.564
BEFORE,4097,1153307241.463
BEFORE,4107,3515619564.974
BEFORE,4118,1835176093.147
BEFORE,4129,1790371648.362
BEFORE,4140,2948265290.785
BEFORE,4151,1257331110.878
BEFORE,4161,2488373140.842
BEFORE,4172,2168550953.143
BEFORE,4183,2114573676.541
BEFORE,4194,788090236.890
BEFORE,4204,2474340726.993
BEFORE,4215,2480939126.018
BEFORE,4226,2202174254.534
BEFORE,4237,847523315.605
BEFORE,4247,2271149018.944
BEFORE,4258,2583501530.120
BEFORE,4269,1029435684.965
BEFORE,4280,2099299437.634
BEFORE,4290,2469900938.205
BEFORE,4301,1417348505.258
BEFORE,4312,1917670446.777
BEFORE,4323,3458176070.311
BEFORE,4334,1714503762.936
BEFORE,4344,3163430873.286
BEFORE,4355,2293065935.177
BEFORE,4366,1795731653.910
BEFORE,4377,1177188298.691
BEFORE,4387,2705034319.160
BEFORE,4398,3160983798.735
BEFORE,4409,1769800064.741
BEFORE,4420,1151454398.775
BEFORE,4430,2180286438.889
BEFORE,4441,2485625420.596
BEFORE,4452,858017530.928
BEFORE,4463,3092239765.729
BEFORE,4474,2049552163.531
BEFORE,4484,1220445148.713
BEFORE,4495,2369276931.548
BEFORE,4506,3099882946.213
BEFORE,4517,2287605996.391
BEFORE,4527,2973770320.942
BEFORE,4538,2280472798.484
BEFORE,4549,1094457681.015
BEFORE,4560,1607222728.516
BEFORE,4570,2327956163.527
BEFORE,4581,3051424951.713
BEFORE,4592,1105448761.375
BEFORE,4603,1645939291.935
BEFORE,4613,2505878532.472
BEFORE,4624,2258763433.039
BEFORE,4635,392385146.524
BEFORE,4646,3826594959.335
BEFORE,4657,2207782061.196
BEFORE,4667,1483663393.326
BEFORE,4678,2791276990.659
BEFORE,4689,1875459413.448
BEFORE,4700,2975118115.804
BEFORE,4710,2297934537.030
BEFORE,4721,2269796462.867
BEFORE,4732,765596809.917
BEFORE,4743,2155119950.507
BEFORE,4753,2238566346.929
BEFORE,4764,2509669285.925
BEFORE,4775,934375980.981
BEFORE,4786,2179868235.978
BEFORE,4797,2817385836.539
BEFORE,4807,1190188767.071
BEFORE,4818,1588517991.425
BEFORE,4829,3066507098.053
BEFORE,4840,1817636404.025
BEFORE,4850,1616437299.447
BEFORE,4861,3369903583.496
BEFORE,4872,1845643523.022
BEFORE,4883,3518566635.551
BEFORE,4893,2256957087.839
BEFORE,4904,2079393744.270
BEFORE,4915,1122706482.961
BEFORE,4926,2653330323.455
BEFORE,4936,3112988055.797
BEFORE,4947,2134331207.369
BEFORE,4958,1173395990.696
BEFORE,4969,2186823569.430
BEFORE,4980,2705327980.905
BEFORE,4990,595728548.671
BEFORE,5001,2928496536.738
BEFORE,5012,2221852517.341
BEFORE,5023,1419967627.484
BEFORE,5033,1916796373.823
BEFORE,5044,3515974167.066
BEFORE,5055,2773807746.434
BEFORE,5066,3257744777.909
BEFORE,5076,2347681410.043
BEFORE,5087,1413669499.489
BEFORE,5098,1444428532.761
BEFORE,5109,2505690841.545
BEFORE,5120,3394029676.784
BEFORE,5130,1439420670.456
BEFORE,5141,1492386754.125
BEFORE,5152,2341354191.321
BEFORE,5163,2707792018.857
BEFORE,5173,293949600.790
BEFORE,5184,4058554868.479
BEFORE,5195,2467253612.413
BEFORE,5206,1229105667.719
BEFORE,5216,2498273610.425
BEFORE,5227,2586510004.321
BEFORE,5238,3767823474.388
BEFORE,5249,2440773584.019
BEFORE,5259,2383929140.372
BEFORE,5270,858104186.399
BEFORE,5281,1788240445.569
BEFORE,5292,2023778669.541
BEFORE,5303,2803429299.507
BEFORE,5313,1050102170.527
BEFORE,5324,2010937017.447
BEFORE,5335,2894364465.334
BEFORE,5346,1790103866.488
BEFORE,5356,1285549712.326
BEFORE,5367,3639749092.086
BEFORE,5378,2205195683.530
BEFORE,5389,1314715323.141
BEFORE,5399,3131099503.286
BEFORE,5410,1975987403.091
BEFORE,5421,4357458070.316
BEFORE,5432,2193072997.794
BEFORE,5443,2305487442.185
BEFORE,5453,1199627572.102
BEFORE,5464,2398268905.838
BEFORE,5475,2783444650.939
BEFORE,5486,2431768350.651
BEFORE,5496,1269839450.952
BEFORE,5507,2171329109.884
BEFORE,5518,2884772080.345
BEFORE,5529,317787004.533
BEFORE,5539,2993551484.383
BEFORE,5550,2464314938.066
BEFORE,5561,1768227976.075
BEFORE,5572,1406271832.013
BEFORE,5582,3595842297.560
BEFORE,5593,3058108341.676
BEFORE,5604,3895012674.095
BEFORE,5615,2323323776.248
BEFORE,5626,1764521792.580
BEFORE,5636,1437302697.426
BEFORE,5647,2571586234.847
BEFORE,5658,3523068958.507
BEFORE,5669,1813784564.309
BEFORE,5679,1425575394.312
BEFORE,5690,2116442572.464
BEFORE,5701,2996285078.806
BEFORE,5712,743352370.372
BEFORE,5722,4508075999.678
BEFORE,5733,2608495757.974
BEFORE,5744,1205371683.174
BEFORE,5755,2006393902.395
BEFORE,5766,3169213243.307
BEFORE,5776,4803607480.842
BEFORE,5787,2706182359.380
BEFORE,5798,2433121977.751
BEFORE,5809,1034796148.711
BEFORE,5819,1524318996.669
BEFORE,5830,1958133724.297
BEFORE,5841,3081683235.034
BEFORE,5852,1191519235.048
BEFORE,5862,1796263387.960
BEFORE,5873,2756196776.803
BEFORE,5884,2469052450.604
BEFORE,5895,1865488129.141
BEFORE,5905,4357445156.046
BEFORE,5916,2546209310.396
BEFORE,5927,1011764212.822
BEFORE,5938,2775487340.870
BEFORE,5949,2274451386.638
BEFORE,5959,6073265762.256
BEFORE,5970,2110092088.158
BEFORE,5981,2466027781.689
BEFORE,5992,1289729532.211
BEFORE,6002,2017914243.957
BEFORE,6013,2254934947.736
BEFORE,6024,2630371906.707
BEFORE,6035,1383789257.042
BEFORE,6045,2081890644.155
BEFORE,6056,2994184725.306
BEFORE,6067,859541777.659
BEFORE,6078,4064290732.551
BEFORE,6089,2835478609.379
BEFORE,6099,2143834952.510
BEFORE,6110,978423829.897
BEFORE,6121,3396918158.128
BEFORE,6132,3142591998.693
BEFORE,6142,5620696700.374
BEFORE,6153,2222611465.376
BEFORE,6164,2088902590.591
BEFORE,6175,1599730337.060
BEFORE,6185,2466191859.208
BEFORE,6196,3372294263.541
BEFORE,6207,2166098714.509
BEFORE,6218,1442579103.779
BEFORE,6228,1929694750.502
BEFORE,6239,3123243723.492
BEFORE,6250,912436442.839
BEFORE,6261,6227803608.763
BEFORE,6272,2626070229.212
BEFORE,6282,1462146537.017
BEFORE,6293,1342657473.362
BEFORE,6304,3453162370.051
BEFORE,6315,6318556054.757
BEFORE,6325,3625857203.016
BEFORE,6336,2408200652.343
BEFORE,6347,1313106094.494
BEFORE,6358,1440560214.740
BEFORE,6368,1996427573.889
BEFORE,6379,3291621859.222
BEFORE,6390,1381525869.645
BEFORE,6401,1616967939.977
BEFORE,6412,2393055838.889
BEFORE,6422,2989404996.835
BEFORE,6433,3323422654.753
BEFORE,6444,6221910756.351
BEFORE,6455,2799874438.246
BEFORE,6465,766400313.786
BEFORE,6476,2273826295.956
BEFORE,6487,2709213147.561
BEFORE,6498,10246841507.714
BEFORE,6508,2049540006.428
BEFORE,6519,2552970913.893
BEFORE,6530,1297512167.973
BEFORE,6541,1630766385.448
BEFORE,6551,1687887224.469
BEFORE,6562,2749856691.993
BEFORE,6573,1487829260.067
BEFORE,6584,1919415867.488
BEFORE,6595,2918568002.864
BEFORE,6605,1680882714.143
BEFORE,6616,8602392984.493
BEFORE,6627,3816533587.938
BEFORE,6638,2534807466.139
BEFORE,6648,669701595.455
BEFORE,6659,3056420364.027
BEFORE,6670,3278245764.195
BEFORE,6681,12238484714.073
BEFORE,6691,2074225346.083
BEFORE,6702,2307620440.617
BEFORE,6713,1826271710.142
BEFORE,6724,2163360025.558
BEFORE,6735,2953163931.773
BEFORE,6745,2431479139.045
BEFORE,6756,1510640223.297
BEFORE,6767,1798931485.799
BEFORE,6778,3173284334.329
BEFORE,6788,940128069.448
BEFORE,6799,16861686753.232
BEFORE,6810,2471256875.868
BEFORE,6821,1881431958.117
BEFORE,6831,644467076.799
BEFORE,6842,3419729532.101
BEFORE,6853,12367786457.821
BEFORE,6864,10514459324.178
BEFORE,6874,2268216647.087
BEFORE,6885,1641487588.702
BEFORE,6896,1608455283.470
BEFORE,6907,2008492475.379
BEFORE,6918,3350543899.050
BEFORE,6928,1495439445.181
BEFORE,6939,1512034723.419
BEFORE,6950,2013925986.130
BEFORE,6961,3295575884.882
BEFORE,6971,12426340370.836
BEFORE,6982,29179648284.019
BEFORE,6993,3109112059.203
BEFORE,7004,511054916.283
BEFORE,7014,1286927061.019
BEFORE,7025,3063500399.415
BEFORE,7036,78985908329.271
BEFORE,7047,7031090077.348
BEFORE,7058,3829083746.197
BEFORE,7068,1361726789.383
BEFORE,7079,548385713.209
BEFORE,7090,14450450106.924
BEFORE,7101,87018465890.297
BEFORE,7111,2239742588.185
BEFORE,7122,1298441019.707
BEFORE,7133,3476203277.441
BEFORE,7144,2121417157.402
BEFORE,7154,62202799925.825
BEFORE,7165,14177275632.000
BEFORE,7176,2429174884.796
BEFORE,7187,769994087.044
BEFORE,7197,2008010076.915
BEFORE,7208,2623684801.878
BEFORE,7219,39656558462.728
BEFORE,7230,1968707459.763
BEFORE,7241,2590799964.133
BEFORE,7251,1873743386.332
BEFORE,7262,2147543769.924
BEFORE,7273,2230801776.751
BEFORE,7284,2572448187.444
BEFORE,7294,1781095407.508
BEFORE,7305,1731114939.412
BEFORE,7316,3012170050.665
BEFORE,7327,1286003455.253
BEFORE,7337,21638984716.536
BEFORE,7348,2725765172.014
BEFORE,7359,2062907231.872
BEFORE,7370,271571920.388
BEFORE,7381,3068598095.871
BEFORE,7391,2932037863.279
BEFORE,7402,8882005153.073
BEFORE,7413,2049337743.503
BEFORE,7424,2053281971.836
BEFORE,7434,1804216955.274
BEFORE,7445,1972426559.972
BEFORE,7456,3095544874.052
BEFORE,7467,2003699995.329
BEFORE,7477,1487331749.336
BEFORE,7488,1529895537.309
BEFORE,7499,3269262209.229
BEFORE,7510,1220200660.460
BEFORE,7520,8783031834.122
BEFORE,7531,2825604950.069
BEFORE,7542,1482927924.571
BEFORE,7553,1023514915.461
BEFORE,7564,3287455156.482
BEFORE,7574,5919940670.068
BEFORE,7585,1920538290.968
BEFORE,7596,2359064896.957
BEFORE,7607,1238753849.665
BEFORE,7617,1583185564.430
BEFORE,7628,1273406515.453
BEFORE,7639,2871138939.142
BEFORE,7650,1612678454.679
BEFORE,7660,1427388649.618
BEFORE,7671,2186467223.748
BEFORE,7682,2938823013.652
BEFORE,7693,4224286222.768
BEFORE,7704,663474206.798
BEFORE,7714,2854897744.383
BEFORE,7725,174283919.202
BEFORE,7736,1931774799.454
BEFORE,7747,2759352448.755
BEFORE,7757,6118413567.625
BEFORE,7768,1710138544.423
BEFORE,7779,2516653782.872
BEFORE,7790,1830576224.160
BEFORE,7800,1779096646.062
BEFORE,7811,1597177938.599
BEFORE,7822,2579461727.683
BEFORE,7833,1865513829.323
BEFORE,7843,1528703548.557
BEFORE,7854,2842047971.039
BEFORE,7865,1711894144.427
BEFORE,7876,6273380110.275
BEFORE,7887,2368649136.298
BEFORE,7897,2401612791.370
BEFORE,7908,604006368.034
BEFORE,7919,2545014942.604
BEFORE,7930,1315742377.448
BEFORE,7940,3654110436.466
BEFORE,7951,1748148715.196
BEFORE,7962,2299783935.140
BEFORE,7973,2045137254.983
BEFORE,7983,1800881934.896
BEFORE,7994,2705043773.994
BEFORE,8005,2199465221.576
BEFORE,8016,1596976956.090
BEFORE,8027,1385011249.094
BEFORE,8037,3154798361.838
BEFORE,8048,1184196652.092
BEFORE,8059,4488604431.329
BEFORE,8070,2737483395.897
BEFORE,8080,1878215675.298
BEFORE,8091,238257754.858
BEFORE,8102,3127618274.119
BEFORE,8113,1046199114.136
BEFORE,8123,1660228341.042
BEFORE,8134,2195214850.182
BEFORE,8145,1411648905.910
BEFORE,8156,1686048717.481
BEFORE,8166,1227619659.008
BEFORE,8177,2824469453.755
BEFORE,8188,1658061487.087
BEFORE,8199,1287706689.429
BEFORE,8210,1535029412.352
BEFORE,8220,3192435405.971
BEFORE,8231,793337916.384
BEFORE,8242,900702316.119
BEFORE,8253,2968688446.345
BEFORE,8263,590492249.471
BEFORE,8274,1359751448.118
BEFORE,8285,2982746292.803
BEFORE,8296,2587932477.810
BEFORE,8306,1533388464.144
BEFORE,8317,2408691427.081
BEFORE,8328,1563921038.712
BEFORE,8339,1694378002.400
BEFORE,8350,1004724743.027
BEFORE,8360,2523835166.105
BEFORE,8371,1963653192.228
BEFORE,8382,1274868573.429
BEFORE,8393,2417741205.655
BEFORE,8403,2303032834.360
BEFORE,8414,2840592442.241
BEFORE,8425,2029167498.403
BEFORE,8436,2629966998.580
BEFORE,8446,694202378.301
BEFORE,8457,2019874190.254
BEFORE,8468,2014098486.095
BEFORE,8479,2547368016.676
BEFORE,8489,1419412653.650
BEFORE,8500,2420143468.296
BEFORE,8511,2121795965.645
BEFORE,8522,1685181275.561
BEFORE,8533,2152911694.004
BEFORE,8543,2324391182.740
BEFORE,8554,1782302043.825
BEFORE,8565,1327119485.661
BEFORE,8576,2953565020.084
BEFORE,8586,1578375801.483
BEFORE,8597,3122555806.798
BEFORE,8608,2543864162.981
BEFORE,8619,2223232787.454
BEFORE,8629,655867814.856
BEFORE,8640,2705698086.180
BEFORE,8651,1210023410.135
BEFORE,8662,1670140384.700
BEFORE,8672,1911725492.639
BEFORE,8683,1717457641.109
BEFORE,8694,1889957788.654
BEFORE,8705,1208140020.807
BEFORE,8716,2647157452.246
BEFORE,8726,1733300828.678
BEFORE,8737,1275697560.723
BEFORE,8748,1094322164.834
BEFORE,8759,3178365966.229
BEFORE,8769,910144946.408
BEFORE,8780,1133868484.910
BEFORE,8791,2924560868.487
BEFORE,8802,1203804361.654
BEFORE,8812,718091095.271
BEFORE,8823,3041584934.574
BEFORE,8834,1587623394.910
BEFORE,8845,1393249558.352
BEFORE,8856,2240038410.782
BEFORE,8866,1280204346.449
BEFORE,8877,1718621051.060
BEFORE,8888,622240154.036
BEFORE,8899,2437101092.032
BEFORE,8909,1974061106.055
BEFORE,8920,1031098625.113
BEFORE,8931,1782929983.299
BEFORE,8942,2753048507.164
BEFORE,8952,957812141.481
BEFORE,8963,1577354894.931
BEFORE,8974,2803570198.749
BEFORE,8985,492590146.153
BEFORE,8995,1538133208.297
BEFORE,9006,2326827366.043
BEFORE,9017,2053498236.115
BEFORE,9028,1151195316.765
BEFORE,9039,2389880579.758
BEFORE,9049,1960917554.281
BEFORE,9060,1675376547.840
BEFORE,9071,1564021975.228
BEFORE,9082,2339627755.048
BEFORE,9092,2016545277.678
BEFORE,9103,1196339926.664
BEFORE,9114,2649786007.859
BEFORE,9125,1932993049.425
BEFORE,9135,2122687954.884
BEFORE,9146,2308914545.371
BEFORE,9157,2455221403.672
BEFORE,9168,1103734649.041
BEFORE,9179,2151945500.947
BEFORE,9189,1619097250.949
BEFORE,9200,1761043307.334
BEFORE,9211,1540911114.606
BEFORE,9222,2007208374.427
BEFORE,9232,2049699422.693
BEFORE,9243,1206402544.928
BEFORE,9254,2345565319.666
BEFORE,9265,1855737951.220
BEFORE,9275,1408067262.666
BEFORE,9286,1091239311.521
BEFORE,9297,3011619923.987
BEFORE,9308,1483644732.087
BEFORE,9318,1300542547.735
BEFORE,9329,2730960620.183
BEFORE,9340,1773335684.952
BEFORE,9351,491608328.129
BEFORE,9362,2870758814.039
BEFORE,9372,1617034404.057
BEFORE,9383,1343276200.712
BEFORE,9394,2026575274.812
BEFORE,9405,1224207102.675
BEFORE,9415,1805107674.432
BEFORE,9426,504295091.187
BEFORE,9437,2342491437.137
BEFORE,9448,1888316958.798
BEFORE,9458,917742072.348
BEFORE,9469,1083662137.808
BEFORE,9480,2949374995.552
BEFORE,9491,332285782.344
BEFORE,9502,1047159853.974
BEFORE,9512,2902891823.129
BEFORE,9523,417457233.679
BEFORE,9534,1056882308.756
BEFORE,9545,2555094353.529
BEFORE,9555,1846352552.602
BEFORE,9566,984329873.002
BEFORE,9577,2252008578.462
BEFORE,9588,1599701099.733
BEFORE,9598,1744018959.343
BEFORE,9609,1040152604.794
BEFORE,9620,2265738335.136
BEFORE,9631,2222289409.510
BEFORE,9641,940893345.666
BEFORE,9652,2189652784.453
BEFORE,9663,2335527427.543
BEFORE,9674,1189532152.810
BEFORE,9685,2036427811.603
BEFORE,9695,2599265409.586
BEFORE,9706,1202911821.898
BEFORE,9717,1630617569.574
BEFORE,9728,1764657377.236
BEFORE,9738,1853125480.252
BEFORE,9749,1123519953.769
BEFORE,9760,2162158956.774
BEFORE,9771,2050394851.934
BEFORE,9781,1305090577.092
BEFORE,9792,1956752712.596
BEFORE,9803,1988123127.788
BEFORE,9814,1666818448.484
BEFORE,9825,1227423897.064
BEFORE,9835,2796924725.111
BEFORE,9846,1794857530.412
BEFORE,9857,1334434267.992
BEFORE,9868,2446209935.876
BEFORE,9878,2205599798.588
BEFORE,9889,951116231.542
BEFORE,9900,2483588172.206
BEFORE,9911,1787547315.858
BEFORE,9921,1418473279.175
BEFORE,9932,1759143626.899
BEFORE,9943,1471825365.170
BEFORE,9954,1930710419.903
BEFORE,9964,559473868.035
BEFORE,9975,2218114836.511
BEFORE,9986,1776323089.970
BEFORE,9997,986922410.909
BEFORE,10008,772012104.908
BEFORE,10018,2927614064.386
BEFORE,10029,1123003860.965
BEFORE,10040,557489330.940
BEFORE,10051,2873679850.904
BEFORE,10061,962131602.945
BEFORE,10072,608612043.162
BEFORE,10083,2675800365.640
BEFORE,10094,1841986279.404
BEFORE,10104,936108828.761
BEFORE,10115,2071295187.397
BEFORE,10126,1220461382.260
BEFORE,10137,1828061107.639
BEFORE,10148,667220933.432
BEFORE,10158,2150015786.268
BEFORE,10169,2320659734.012
BEFORE,10180,674800511.254
BEFORE,10191,1553535918.286
BEFORE,10201,2666652293.562
BEFORE,10212,318040711.286
BEFORE,10223,1678874228.766
BEFORE,10234,2724374198.613
BEFORE,10244,954929250.873
BEFORE,10255,1220020667.042
BEFORE,10266,1896057868.247
BEFORE,10277,1914171162.126
BEFORE,10287,749406552.358
BEFORE,10298,2158842691.965
BEFORE,10309,1835590723.836
BEFORE,10320,1500194399.089
BEFORE,10331,1548955556.359
BEFORE,10341,2063416488.287
BEFORE,10352,2014097575.382
BEFORE,10363,1186931971.204
BEFORE,10374,2533067933.232
BEFORE,10384,2063307759.974
BEFORE,10395,1185668508.447
BEFORE,10406,2157721746.001
BEFORE,10417,2478825572.475
BEFORE,10427,1301176812.553
BEFORE,10438,1987944046.330
BEFORE,10449,1828594265.483
BEFORE,10460,1605754763.099
BEFORE,10471,1426861784.744
BEFORE,10481,1790429852.024
BEFORE,10492,2023727206.931
BEFORE,10503,746536508.192
BEFORE,10514,2047910303.269
BEFORE,10524,1716186522.950
BEFORE,10535,1198027535.628
BEFORE,10546,1070037982.510
BEFORE,10557,2790163960.808
BEFORE,10567,1606670469.362
BEFORE,10578,510463464.243
BEFORE,10589,2690641076.256
BEFORE,10600,1609076567.986
BEFORE,10610,555504845.057
BEFORE,10621,2612710344.922
BEFORE,10632,1948891917.909
BEFORE,10643,1001064403.346
BEFORE,10654,1896257898.737
BEFORE,10664,1149738170.811
BEFORE,10675,1927267737.839
BEFORE,10686,489223604.177
BEFORE,10697,2043947587.144
BEFORE,10707,2263844481.288
BEFORE,10718,643194676.963
BEFORE,10729,863451848.495
BEFORE,10740,2835006436.606
BEFORE,10750,542423972.224
BEFORE,10761,1188797037.464
BEFORE,10772,2828310550.530
BEFORE,10783,594110912.733
BEFORE,10794,889392001.529
BEFORE,10804,2088158199.327
BEFORE,10815,1971650765.560
BEFORE,10826,517314697.181
BEFORE,10837,2053740942.071
BEFORE,10847,1462109640.265
BEFORE,10858,1714358073.176
BEFORE,10869,1211224806.272
BEFORE,10880,2046626002.701
BEFORE,10890,2363747222.422
BEFORE,10901,914982539.196
BEFORE,10912,2152857807.064
BEFORE,10923,2385956396.445
BEFORE,10933,874515847.566
BEFORE,10944,1903178258.594
BEFORE,10955,2645317132.456
BEFORE,10966,1337960990.563
BEFORE,10977,1533566072.508
BEFORE,10987,1761230173.187
BEFORE,10998,1833024125.049
BEFORE,11009,1062827260.174
BEFORE,11020,1993234503.091
SWEEP,-3.14,57157824512.0000
SWEEP,-2.97,55154491392.0000
SWEEP,-2.79,55135531008.0000
SWEEP,-2.62,54638034944.0000
SWEEP,-2.44,55503138816.0000
SWEEP,-2.27,57461460992.0000
SWEEP,-2.09,51645820928.0000
SWEEP,-1.92,44981088256.0000
SWEEP,-1.75,47098318848.0000
SWEEP,-1.57,49685561344.0000
SWEEP,-1.40,47605837824.0000
SWEEP,-1.22,48574042112.0000
SWEEP,-1.05,47345467392.0000
SWEEP,-0.87,47646687232.0000
SWEEP,-0.70,46390554624.0000
SWEEP,-0.52,46437548032.0000
SWEEP,-0.35,45184831488.0000
SWEEP,-0.17,46801502208.0000
SWEEP,-0.00,45096321024.0000
SWEEP,0.17,43927273472.0000
SWEEP,0.35,42558128128.0000
SWEEP,0.52,44100997120.0000
SWEEP,0.70,42727067648.0000
SWEEP,0.87,39298134016.0000
SWEEP,1.05,37170491392.0000
SWEEP,1.22,36905889792.0000
SWEEP,1.40,39439470592.0000
SWEEP,1.57,38856372224.0000
SWEEP,1.75,40484130816.0000
SWEEP,1.92,44785700864.0000
SWEEP,2.09,45047975936.0000
SWEEP,2.27,47726235648.0000
SWEEP,2.44,47543578624.0000
SWEEP,2.62,49932800000.0000
SWEEP,2.79,48906027008.0000
SWEEP,2.97,49187287040.0000
SWEEP,3.14,51498610688.0000
SWEEP,1.02,42793455616.0000
SWEEP,1.04,41983315968.0000
SWEEP,1.06,44026486784.0000
SWEEP,1.07,48208965632.0000
SWEEP,1.09,50898284544.0000
SWEEP,1.11,60435853312.0000
SWEEP,1.13,71759175680.0000
SWEEP,1.14,70701441024.0000
SWEEP,1.16,66041720832.0000
SWEEP,1.18,62059819008.0000
SWEEP,1.20,54877253632.0000
SWEEP,1.21,56284643328.0000
SWEEP,1.23,49746837504.0000
SWEEP,1.25,46852083712.0000
SWEEP,1.27,44906110976.0000
SWEEP,1.28,48632643584.0000
SWEEP,1.30,46813966336.0000
SWEEP,1.32,46076919808.0000
SWEEP,1.34,47971958784.0000
SWEEP,1.35,47811051520.0000
SWEEP,1.37,47031767040.0000
SWEEP,1.39,46556278784.0000
SWEEP,1.41,45476470784.0000
AFTER,5,763864633.773
AFTER,16,1382505475.023
AFTER,27,2184341421.162
AFTER,38,1305544442.331
AFTER,48,1487312557.650
AFTER,59,1561635553.949
AFTER,70,1331151295.206
AFTER,81,1870346185.635
AFTER,92,381333702.281
AFTER,102,1601275180.016
AFTER,113,898795196.514
AFTER,124,1286945527.988
AFTER,135,910147545.701
AFTER,145,1842890504.409
AFTER,156,2382094229.598
AFTER,167,963918166.988
AFTER,178,633541157.608
AFTER,188,691861253.963
AFTER,199,1576595450.893
AFTER,210,2021174985.364
AFTER,221,791421464.876
AFTER,231,1282467432.311
AFTER,242,1045681524.959
AFTER,253,1832534174.186
AFTER,264,1370800386.555
AFTER,275,839263987.298
AFTER,285,1794025157.773
AFTER,296,934240118.886
AFTER,307,1037469691.088
AFTER,318,466766342.534
AFTER,328,1833409099.307
AFTER,339,2079094448.527
AFTER,350,294299404.731
AFTER,361,670594504.149
AFTER,371,190952305.614
AFTER,382,1948684306.902
AFTER,393,2317184808.118
AFTER,404,236122839.221
AFTER,415,1233532437.006
AFTER,425,299906748.085
AFTER,436,1725181797.269
AFTER,447,648655286.023
AFTER,458,1537806902.080
AFTER,468,1907737163.257
AFTER,479,1514464285.673
AFTER,490,1419257371.511
AFTER,501,850748608.239
AFTER,511,1878996183.424
AFTER,522,1843841741.903
AFTER,533,778193866.731
AFTER,544,808000189.243
AFTER,554,860990414.289
AFTER,565,2198724265.330
AFTER,576,2173949167.061
AFTER,587,1104816972.041
AFTER,598,1467046373.625
AFTER,608,733781635.429
AFTER,619,1900161762.677
AFTER,630,541326783.561
AFTER,641,1650332664.078
AFTER,651,1452012405.165
AFTER,662,1360724295.118
AFTER,673,1499575891.770
AFTER,684,1059870648.298
AFTER,694,2311863274.822
AFTER,705,1669305551.184
AFTER,716,379353483.947
AFTER,727,902792423.296
AFTER,738,967465332.830
AFTER,748,2063042886.421
AFTER,759,1514765973.870
AFTER,770,1267874886.532
AFTER,781,1323379421.007
AFTER,791,1321019717.210
AFTER,802,1794769135.088
AFTER,813,724626589.529
AFTER,824,1462589338.975
AFTER,834,1115608711.054
AFTER,845,886627415.148
AFTER,856,973324326.451
AFTER,867,1406336524.207
AFTER,877,2458546202.459
AFTER,888,983604026.910
AFTER,899,528967422.385
AFTER,910,571285595.728
AFTER,921,1257806693.357
AFTER,931,2376931435.771
AFTER,942,862475731.357
AFTER,953,1175709409.131
AFTER,964,406014997.989
AFTER,974,1702048099.263
AFTER,985,1195369329.168
AFTER,996,1157733813.587
AFTER,1007,2020664684.703
AFTER,1017,1419067683.557
AFTER,1028,1008989307.025
AFTER,1039,1071304006.628
AFTER,1050,1465696279.300
AFTER,1061,2292466042.815
AFTER,1071,679904019.772
AFTER,1082,854263915.038
AFTER,1093,484172561.429
AFTER,1104,1772662890.888
AFTER,1114,2755381355.081
AFTER,1125,793619861.964
AFTER,1136,1396177682.263
AFTER,1147,331107291.188
AFTER,1157,1800313740.833
AFTER,1168,781694263.622
AFTER,1179,1580593374.574
AFTER,1190,1932885961.823
AFTER,1200,1586607671.695
AFTER,1211,1554811412.491
AFTER,1222,788997838.944
AFTER,1233,1895630511.119
AFTER,1244,2133428923.957
AFTER,1254,669238945.512
AFTER,1265,936484527.657
AFTER,1276,491845787.891
AFTER,1287,1998557855.211
AFTER,1297,2352391772.902
AFTER,1308,1059776052.341
AFTER,1319,1554590555.939
AFTER,1330,540332117.854
AFTER,1340,1958071302.287
AFTER,1351,943828358.976
AFTER,1362,1170601878.284
AFTER,1373,1480111843.584
AFTER,1384,996574221.896
AFTER,1394,1485424338.193
AFTER,1405,632275908.924
AFTER,1416,2396855036.463
AFTER,1427,1759839035.719
AFTER,1437,165877444.548
AFTER,1448,902526395.834
AFTER,1459,512697591.712
AFTER,1470,2171756531.730
AFTER,1480,1689669914.918
AFTER,1491,1056382057.894
AFTER,1502,1060501288.354
AFTER,1513,1335113589.475
AFTER,1523,1673085142.477
AFTER,1534,1156749807.278
AFTER,1545,1604483188.002
AFTER,1556,1500762187.073
AFTER,1567,538298718.362
AFTER,1577,1476653129.078
AFTER,1588,987279481.442
AFTER,1599,2569053161.750
AFTER,1610,1062889344.465
AFTER,1620,828770202.948
AFTER,1631,754890352.783
AFTER,1642,981068413.428
AFTER,1653,2820421434.955
AFTER,1663,1217194693.929
AFTER,1674,1228656456.030
AFTER,1685,543287312.791
AFTER,1696,1650699305.463
AFTER,1707,1160272206.856
AFTER,1717,1418918967.116
AFTER,1728,2145856076.800
AFTER,1739,1827021652.468
AFTER,1750,1112381066.742
AFTER,1760,1457658243.847
AFTER,1771,1375716721.029
AFTER,1782,2411765414.948
AFTER,1793,919655727.529
AFTER,1803,937445534.946
AFTER,1814,471899749.333
AFTER,1825,1640836008.287
AFTER,1836,2991400856.351
AFTER,1846,1011619582.646
AFTER,1857,1486982619.603
AFTER,1868,333701553.548
AFTER,1879,1824283731.386
AFTER,1890,1116518341.232
AFTER,1900,1245046432.229
AFTER,1911,1848690367.187
AFTER,1922,1427781991.590
AFTER,1933,1629383419.439
AFTER,1943,595008354.779
AFTER,1954,1925195384.625
AFTER,1965,2313639537.266
AFTER,1976,508717056.287
AFTER,1986,939483520.631
AFTER,1997,98599940.886
AFTER,2008,1876951238.628
AFTER,2019,2449000403.179
AFTER,2030,759412573.936
AFTER,2040,1495658154.511
AFTER,2051,606148799.010
AFTER,2062,1871228780.353
AFTER,2073,1411768296.661
AFTER,2083,899222192.135
AFTER,2094,1639934829.789
AFTER,2105,560991133.056
AFTER,2116,1763006279.702
AFTER,2126,365575954.124
AFTER,2137,2487916885.312
AFTER,2148,1819118647.855
AFTER,2159,702591234.554
AFTER,2169,995944531.399
AFTER,2180,81315061.725
AFTER,2191,2510856865.082
AFTER,2202,1930384573.767
AFTER,2213,938682268.824
AFTER,2223,1034268943.873
AFTER,2234,1384678379.675
AFTER,2245,1564762955.193
AFTER,2256,1499505545.801
AFTER,2266,1882938902.341
AFTER,2277,1958944199.675
AFTER,2288,416134297.833
AFTER,2299,1996290690.185
AFTER,2309,867845772.585
AFTER,2320,2620400069.264
AFTER,2331,1244344653.753
AFTER,2342,960232863.558
AFTER,2353,920928365.336
AFTER,2363,829622307.290
AFTER,2374,3193822270.922
AFTER,2385,1545067313.859
AFTER,2396,1200547969.497
AFTER,2406,856343136.937
AFTER,2417,1600676920.427
AFTER,2428,1320658398.435
AFTER,2439,1388480267.690
AFTER,2449,2063668950.433
AFTER,2460,1918475296.247
AFTER,2471,1267160163.578
AFTER,2482,1583338334.987
AFTER,2492,1276165773.085
AFTER,2503,2543665947.079
AFTER,2514,986812228.727
AFTER,2525,872475386.412
AFTER,2536,566532228.255
AFTER,2546,1437367680.703
AFTER,2557,3065145918.352
AFTER,2568,878940061.759
AFTER,2579,1523320504.590
AFTER,2589,406808416.367
AFTER,2600,1741276760.655
AFTER,2611,1535594004.710
AFTER,2622,606397504.778
AFTER,2632,1758710148.002
AFTER,2643,1112808528.550
AFTER,2654,1829841241.792
AFTER,2665,666870159.588
AFTER,2676,1958181948.637
AFTER,2686,2420637975.771
AFTER,2697,809802984.759
AFTER,2708,961504217.723
AFTER,2719,671015385.206
AFTER,2729,1980446215.669
AFTER,2740,2586966698.682
AFTER,2751,465940994.646
AFTER,2762,1462358099.531
AFTER,2772,915101224.255
AFTER,2783,1712331979.556
AFTER,2794,1842350396.829
AFTER,2805,1162811155.400
AFTER,2815,1941169091.406
AFTER,2826,397092824.844
AFTER,2837,2231731126.255
AFTER,2848,648280296.282
AFTER,2859,2535062679.576
AFTER,2869,1831426720.866
AFTER,2880,1049098063.216
AFTER,2891,1187445243.527
AFTER,2902,250595837.051
AFTER,2912,2887626567.858
AFTER,2923,2226248476.029
AFTER,2934,835188304.029
AFTER,2945,1240135849.282
AFTER,2955,1378431286.778
AFTER,2966,1547424461.186
AFTER,2977,1662935273.004
AFTER,2988,1962132931.835
AFTER,2998,2232792273.172
AFTER,3009,496966275.154
AFTER,3020,2326751502.687
AFTER,3031,826614454.212
AFTER,3042,2571724715.618
AFTER,3052,1374580774.891
AFTER,3063,864939582.026
AFTER,3074,1013296761.880
AFTER,3085,753169894.270
AFTER,3095,3313303355.322
AFTER,3106,1617781039.807
AFTER,3117,1160305465.611
AFTER,3128,1056014870.346
AFTER,3138,1460342991.062
AFTER,3149,1523291817.059
AFTER,3160,1072723649.689
AFTER,3171,1841000656.348
AFTER,3182,1758270282.139
AFTER,3192,1509782628.188
AFTER,3203,1622767265.291
AFTER,3214,1165795460.315
AFTER,3225,2642475043.331
AFTER,3235,1160341826.741
AFTER,3246,726744207.908
AFTER,3257,1119589606.269
AFTER,3268,1424777846.426
AFTER,3278,3078814335.248
AFTER,3289,507142398.654
AFTER,3300,1563612887.695
AFTER,3311,787794863.151
AFTER,3321,1573566601.989
AFTER,3332,2020548103.794
AFTER,3343,215047312.410
AFTER,3354,1806573178.745
AFTER,3365,1012628258.527
AFTER,3375,2229099106.138
AFTER,3386,1060649023.648
AFTER,3397,2002503511.796
AFTER,3408,2423143892.666
AFTER,3418,1251335073.024
AFTER,3429,1101054408.045
AFTER,3440,1173973151.798
AFTER,3451,2268615943.852
AFTER,3461,2755293246.793
AFTER,3472,404402250.563
AFTER,3483,1534014971.780
AFTER,3494,1133440276.620
AFTER,3505,1633389870.321
AFTER,3515,2085400534.240
AFTER,3526,1467057471.965
AFTER,3537,2231232709.979
AFTER,3548,459519120.184
AFTER,3558,2686916723.431
AFTER,3569,922024291.731
AFTER,3580,2454395008.910
AFTER,3591,1818184444.617
AFTER,3601,1053472772.631
AFTER,3612,1305628114.363
AFTER,3623,515128214.393
AFTER,3634,3083631076.436
AFTER,3644,2384463780.152
AFTER,3655,635801186.341
AFTER,3666,1455532815.017
AFTER,3677,1198779776.699
AFTER,3688,1555682930.783
AFTER,3698,1592149453.885
AFTER,3709,1765693798.561
AFTER,3720,2241031837.496
AFTER,3731,801946036.120
AFTER,3741,2442985086.016
AFTER,3752,681357903.764
AFTER,3763,2520043018.814
AFTER,3774,1501788437.706
AFTER,3784,555907162.465
AFTER,3795,1353725698.902
AFTER,3806,858533328.425
AFTER,3817,3270396595.394
AFTER,3828,1444044101.381
AFTER,3838,1238950137.147
AFTER,3849,1248935811.500
AFTER,3860,1228061241.020
AFTER,3871,1897498523.583
AFTER,3881,686862229.579
AFTER,3892,1649519775.378
AFTER,3903,1594654432.590
AFTER,3914,1927793877.874
AFTER,3924,1788054485.186
AFTER,3935,1089076226.347
AFTER,3946,2704866118.162
AFTER,3957,1542747169.554
AFTER,3967,718409634.098
AFTER,3978,1809948543.132
AFTER,3989,1599278798.354
AFTER,4000,3095452902.269
AFTER,4011,362023626.494
AFTER,4021,1642193585.559
AFTER,4032,1143396554.529
AFTER,4043,1418491870.712
AFTER,4054,2377884807.034
AFTER,4064,805511138.591
AFTER,4075,1965416267.352
AFTER,4086,1164796619.367
AFTER,4097,2706929096.299
AFTER,4107,1402102309.512
AFTER,4118,2012947283.106
AFTER,4129,2332987414.748
AFTER,4140,1443792488.550
AFTER,4151,1254958715.338
AFTER,4161,1513054151.112
AFTER,4172,2481913714.388
AFTER,4183,2902308770.063
AFTER,4194,314293823.361
AFTER,4204,1651572157.216
AFTER,4215,1088925712.170
AFTER,4226,1551050729.550
AFTER,4237,2110714161.390
AFTER,4247,1451655719.364
AFTER,4258,2367283701.120
AFTER,4269,550141297.002
AFTER,4280,2948699398.718
AFTER,4290,1038078633.111
AFTER,4301,2260686733.478
AFTER,4312,1817945973.450
AFTER,4323,736354789.652
AFTER,4334,1463314159.534
AFTER,4344,829455933.632
AFTER,4355,3052316099.666
AFTER,4366,2348866133.291
AFTER,4377,584309810.294
AFTER,4387,1611898829.537
AFTER,4398,896316073.301
AFTER,4409,1652937373.086
AFTER,4420,1397618407.376
AFTER,4430,1430682480.781
AFTER,4441,2101984782.475
AFTER,4452,1339895242.188
AFTER,4463,2508652539.190
AFTER,4474,376621250.731
AFTER,4484,2546740615.671
AFTER,4495,1774958742.179
AFTER,4506,267220809.696
AFTER,4517,2054388560.840
AFTER,4527,1125670939.914
AFTER,4538,3186792834.707
AFTER,4549,1246264135.758
AFTER,4560,1417422785.858
AFTER,4570,1504405545.381
AFTER,4581,983315404.381
AFTER,4592,2303147518.044
AFTER,4603,782976460.720
AFTER,4613,1580799106.004
AFTER,4624,1665272399.461
AFTER,4635,2475827959.325
AFTER,4646,2009071376.258
AFTER,4657,1132864263.679
AFTER,4667,2647127900.962
AFTER,4678,1860845156.014
AFTER,4689,848349837.854
AFTER,4700,2398668303.529
AFTER,4710,1803403668.560
AFTER,4721,3121813304.415
AFTER,4732,603403328.405
AFTER,4743,1685426325.099
AFTER,4753,1263821056.359
AFTER,4764,1316771672.847
AFTER,4775,2509812385.199
AFTER,4786,1068514311.806
AFTER,4797,2088951800.793
AFTER,4807,1296534623.828
AFTER,4818,3132987872.852
AFTER,4829,1574661510.091
AFTER,4840,1850024907.093
AFTER,4850,2158752115.789
AFTER,4861,1280418311.479
AFTER,4872,1363568918.819
AFTER,4883,1752054755.717
AFTER,4893,2472232669.753
AFTER,4904,2922185160.789
AFTER,4915,185002767.582
AFTER,4926,1729460084.942
AFTER,4936,810276820.295
AFTER,4947,1460067693.119
AFTER,4958,1971123662.951
AFTER,4969,1127192359.978
AFTER,4980,2320842340.060
AFTER,4990,908479313.037
AFTER,5001,3085799975.537
AFTER,5012,1055540989.346
AFTER,5023,2097215720.788
AFTER,5033,1915692933.317
AFTER,5044,304750000.001
AFTER,5055,2009032503.541
AFTER,5066,1202547385.959
AFTER,5076,2906167267.763
AFTER,5087,2162974133.462
AFTER,5098,921327067.019
AFTER,5109,1803770550.847
AFTER,5120,551001956.392
AFTER,5130,1911224515.851
AFTER,5141,1332693080.898
AFTER,5152,1194704033.682
AFTER,5163,2023483551.187
AFTER,5173,2033890951.193
AFTER,5184,2628104001.301
AFTER,5195,11526355.398
AFTER,5206,2572055711.107
AFTER,5216,2126419526.658
AFTER,5227,328994243.142
AFTER,5238,2930718461.667
AFTER,5249,1388229033.256
AFTER,5259,3088409579.472
AFTER,5270,1215066925.335
AFTER,5281,1528865982.947
AFTER,5292,1667305604.366
AFTER,5303,813775208.952
AFTER,5313,2558028230.634
AFTER,5324,1087946644.266
AFTER,5335,1580856358.532
AFTER,5346,1844255427.476
AFTER,5356,3091553839.210
AFTER,5367,2124604325.311
AFTER,5378,1136437582.356
AFTER,5389,2439108891.483
AFTER,5399,1897184661.089
AFTER,5410,929117827.347
AFTER,5421,2870085797.321
AFTER,5432,1812816932.721
AFTER,5443,3100071582.359
AFTER,5453,807580537.817
AFTER,5464,1646181796.565
AFTER,5475,1095382869.289
AFTER,5486,1199530451.745
AFTER,5496,2413706758.995
AFTER,5507,900688351.157
AFTER,5518,2097542951.876
AFTER,5529,1367787482.053
AFTER,5539,3528569552.254
AFTER,5550,1656473272.609
AFTER,5561,1560318923.190
AFTER,5572,2037349086.286
AFTER,5582,901051287.510
AFTER,5593,1748302851.297
AFTER,5604,2026175504.162
AFTER,5615,2271737871.433
AFTER,5626,2811207716.802
AFTER,5636,670295542.756
AFTER,5647,1814581322.216
AFTER,5658,488940829.887
AFTER,5669,1454706068.761
AFTER,5679,1835968610.307
AFTER,5690,733734556.669
AFTER,5701,2191419936.467
AFTER,5712,1606273879.025
AFTER,5722,3283820192.732
AFTER,5733,1059705293.265
AFTER,5744,2079454397.407
AFTER,5755,2164246008.766
AFTER,5766,371827381.166
AFTER,5776,3131651130.840
AFTER,5787,1528156748.419
AFTER,5798,2749322940.206
AFTER,5809,1972398941.148
AFTER,5819,1246312399.819
AFTER,5830,1969762735.944
AFTER,5841,277673518.944
AFTER,5852,2197137049.064
AFTER,5862,1471336343.819
AFTER,5873,1084219386.989
AFTER,5884,2090764743.251
AFTER,5895,2965303765.433
AFTER,5905,2750110322.990
AFTER,5916,254058107.015
AFTER,5927,2443536797.891
AFTER,5938,2318682151.324
AFTER,5949,372979605.691
AFTER,5959,4005786509.598
AFTER,5970,1477197712.993
AFTER,5981,2954000844.911
AFTER,5992,1334166121.748
AFTER,6002,1463906489.944
AFTER,6013,1589427006.826
AFTER,6024,709420731.565
AFTER,6035,2559719854.239
AFTER,6045,1137340317.615
AFTER,6056,1525241591.576
AFTER,6067,1949184538.951
AFTER,6078,4072326810.230
AFTER,6089,2106895942.568
AFTER,6099,943805775.247
AFTER,6110,2148905055.428
AFTER,6121,1613036424.235
AFTER,6132,1216616362.056
AFTER,6142,3496209799.067
AFTER,6153,1565210096.933
AFTER,6164,3007433011.225
AFTER,6175,1076402009.161
AFTER,6185,1579751611.680
AFTER,6196,802619889.009
AFTER,6207,1050989925.429
AFTER,6218,2215084932.530
AFTER,6228,380325519.295
AFTER,6239,2013511133.776
AFTER,6250,1647286077.225
AFTER,6261,4392787909.672
AFTER,6272,1755633273.890
AFTER,6282,1379643342.286
AFTER,6293,2082275831.229
AFTER,6304,754457281.520
AFTER,6315,3242342449.518
AFTER,6325,2445538758.282
AFTER,6336,2041118989.087
AFTER,6347,2613719165.499
AFTER,6358,1179984172.227
AFTER,6368,1943365962.489
AFTER,6379,456507301.911
AFTER,6390,1589976096.175
AFTER,6401,1830325995.229
AFTER,6412,641592361.093
AFTER,6422,2130589079.369
AFTER,6433,2973494522.487
AFTER,6444,3900495685.648
AFTER,6455,1057013363.193
AFTER,6465,2070748311.140
AFTER,6476,2417118459.885
AFTER,6487,612594197.077
AFTER,6498,5765714004.164
AFTER,6508,1723678733.150
AFTER,6519,2565367393.130
AFTER,6530,1858866340.477
AFTER,6541,1283728458.333
AFTER,6551,1984268879.958
AFTER,6562,144658572.126
AFTER,6573,2301943736.859
AFTER,6584,1582426521.846
AFTER,6595,933472890.436
AFTER,6605,2191839012.599
AFTER,6616,5735692539.195
AFTER,6627,2870405547.714
AFTER,6638,309811475.168
AFTER,6648,2100544901.080
AFTER,6659,2174744802.634
AFTER,6670,455689670.107
AFTER,6681,7121765115.742
AFTER,6691,1321859624.302
AFTER,6702,2778985121.995
AFTER,6713,1537485150.612
AFTER,6724,1233784720.258
AFTER,6735,1288772154.277
AFTER,6745,574098580.634
AFTER,6756,2357226564.007
AFTER,6767,888675825.655
AFTER,6778,1425013229.294
AFTER,6788,2046554137.011
AFTER,6799,9405282329.648
AFTER,6810,2068548186.823
AFTER,6821,630888244.669
AFTER,6831,1937499663.611
AFTER,6842,1321883742.968
AFTER,6853,4811745461.958
AFTER,6864,6843332950.549
AFTER,6874,1159131401.659
AFTER,6885,2861153573.574
AFTER,6896,1512872815.865
AFTER,6907,1567742736.310
AFTER,6918,798436434.222
AFTER,6928,978970103.974
AFTER,6939,2045480504.625
AFTER,6950,292360389.338
AFTER,6961,1902792714.459
AFTER,6971,5569536556.760
AFTER,6982,16142728529.901
AFTER,6993,1929076248.692
AFTER,7004,1616223457.311
AFTER,7014,2432612132.747
AFTER,7025,1161755125.678
AFTER,7036,34761976079.078
AFTER,7047,7557299353.988
AFTER,7058,2091181051.547
AFTER,7068,2094089985.988
AFTER,7079,1292448893.161
AFTER,7090,3222542601.573
AFTER,7101,44059687753.285
AFTER,7111,2020220833.741
AFTER,7122,1815379020.006
AFTER,7133,972135029.334
AFTER,7144,1639300828.981
AFTER,7154,23572062553.591
AFTER,7165,9854544658.098
AFTER,7176,1155015315.785
AFTER,7187,1969922165.717
AFTER,7197,2509903478.116
AFTER,7208,701560967.145
AFTER,7219,17778925139.088
AFTER,7230,1465844489.891
AFTER,7241,2339186534.272
AFTER,7251,1872715081.848
AFTER,7262,1182028405.925
AFTER,7273,1776802127.997
AFTER,7284,231645456.528
AFTER,7294,2256395927.609
AFTER,7305,1528379326.969
AFTER,7316,617480117.328
AFTER,7327,2231353145.305
AFTER,7337,8473037431.491
AFTER,7348,1823213135.629
AFTER,7359,98614357.235
AFTER,7370,1860306237.799
AFTER,7381,1908879372.900
AFTER,7391,1368548890.814
AFTER,7402,3734041105.332
AFTER,7413,966747142.599
AFTER,7424,2559917633.216
AFTER,7434,1759616337.468
AFTER,7445,1136634128.213
AFTER,7456,1042342491.883
AFTER,7467,560824296.428
AFTER,7477,2228728604.688
AFTER,7488,676582130.963
AFTER,7499,1426583385.583
AFTER,7510,1882610947.269
AFTER,7520,3983503034.701
AFTER,7531,2209509020.202
AFTER,7542,618292749.058
AFTER,7553,1884762514.399
AFTER,7564,1155719287.022
AFTER,7574,1995957443.762
AFTER,7585,510714524.871
AFTER,7596,837838096.247
AFTER,7607,2609412077.740
AFTER,7617,1848424218.574
AFTER,7628,1653659091.961
AFTER,7639,1016835344.348
AFTER,7650,1033012759.226
AFTER,7660,1996760770.115
AFTER,7671,793883913.608
AFTER,7682,1838700613.883
AFTER,7693,1279142089.780
AFTER,7704,370687565.677
AFTER,7714,1899346070.830
AFTER,7725,1340039915.157
AFTER,7736,2273489079.957
AFTER,7747,1172690654.795
AFTER,7757,1775077671.839
AFTER,7768,1675787528.017
AFTER,7779,1649558913.686
AFTER,7790,2173907797.170
AFTER,7800,1347061860.692
AFTER,7811,1919462810.043
AFTER,7822,787534258.804
AFTER,7833,1674430608.506
AFTER,7843,1842063419.963
AFTER,7854,599375271.616
AFTER,7865,2099695693.967
AFTER,7876,1709440981.832
AFTER,7887,1560620503.224
AFTER,7897,995029224.850
AFTER,7908,1505616527.875
AFTER,7919,2281383709.508
AFTER,7930,453240361.322
AFTER,7940,639254728.147
AFTER,7951,1510875256.459
AFTER,7962,2001043678.425
AFTER,7973,1947117729.738
AFTER,7983,632298661.712
AFTER,7994,1402443529.542
AFTER,8005,394088762.083
AFTER,8016,2011773367.402
AFTER,8027,1333507509.331
AFTER,8037,538533945.780
AFTER,8048,2222247054.423
AFTER,8059,1834050439.881
AFTER,8070,2092243930.464
AFTER,8080,401141366.985
AFTER,8091,1587061281.172
AFTER,8102,1524615773.617
AFTER,8113,266954407.186
AFTER,8123,903596274.275
AFTER,8134,514420577.649
AFTER,8145,2382132582.054
AFTER,8156,2144651103.120
AFTER,8166,1049811684.504
AFTER,8177,1125650517.613
AFTER,8188,565056313.800
AFTER,8199,2013679885.029
AFTER,8210,938606162.584
AFTER,8220,1364390258.026
AFTER,8231,1913618896.846
AFTER,8242,572313052.322
AFTER,8253,2286682934.767
AFTER,8263,857455101.146
AFTER,8274,1901781263.139
AFTER,8285,1450492671.231
AFTER,8296,298127103.767
AFTER,8306,1739997217.438
AFTER,8317,743386932.414
AFTER,8328,2323156381.360
AFTER,8339,1942339304.782
AFTER,8350,1644397515.030
AFTER,8360,1244350727.043
AFTER,8371,994245511.448
AFTER,8382,1898652602.706
AFTER,8393,1089608399.572
AFTER,8403,1734773698.378
AFTER,8414,1261066368.810
AFTER,8425,1002545026.946
AFTER,8436,1802483800.962
AFTER,8446,1086399694.228
AFTER,8457,2212648345.987
AFTER,8468,1170197087.356
AFTER,8479,110547930.636
AFTER,8489,1864592068.844
AFTER,8500,1309639968.886
AFTER,8511,2005290380.859
AFTER,8522,898652340.556
AFTER,8533,1621307151.182
AFTER,8543,889838509.832
AFTER,8554,1478234673.265
AFTER,8565,1714632821.190
AFTER,8576,435895157.181
AFTER,8586,2057034251.839
AFTER,8597,1319146901.485
AFTER,8608,1727700421.378
AFTER,8619,999356160.310
AFTER,8629,1134526618.636
AFTER,8640,1889271559.065
AFTER,8651,384699152.943
AFTER,8662,762984363.147
AFTER,8672,1439878785.323
AFTER,8683,1759836574.939
AFTER,8694,2172277171.285
AFTER,8705,347266469.600
AFTER,8716,1165770338.686
AFTER,8726,600137110.095
AFTER,8737,1831212990.441
AFTER,8748,1289546348.421
AFTER,8759,708507151.421
AFTER,8769,2208858654.339
AFTER,8780,1039697698.761
AFTER,8791,2174876047.055
AFTER,8802,811067769.978
AFTER,8812,1528985287.489
AFTER,8823,1499891895.309
AFTER,8834,179307902.748
AFTER,8845,1648338787.598
AFTER,8856,417759318.987
AFTER,8866,2151087138.040
AFTER,8877,2390264364.401
AFTER,8888,1054203790.454
AFTER,8899,1377456601.309
AFTER,8909,594554244.901
AFTER,8920,1820785795.072
AFTER,8931,1337040557.597
AFTER,8942,1254312324.036
AFTER,8952,1800481918.210
AFTER,8963,204886229.492
AFTER,8974,2275519252.988
AFTER,8985,890630750.511
AFTER,8995,1812269887.121
AFTER,9006,1620988672.924
AFTER,9017,186082903.498
AFTER,9028,1920707209.166
AFTER,9039,588353261.044
AFTER,9049,1977166822.252
AFTER,9060,1701749177.851
AFTER,9071,1479373331.476
AFTER,9082,1365800683.504
AFTER,9092,757608134.000
AFTER,9103,1733967162.625
AFTER,9114,1197589815.377
AFTER,9125,1589829399.468
AFTER,9135,1249968373.237
AFTER,9146,1157719051.808
AFTER,9157,1664357727.805
AFTER,9168,581880795.824
AFTER,9179,1937622598.892
AFTER,9189,1073164066.558
AFTER,9200,387268442.873
AFTER,9211,1956537277.685
AFTER,9222,936779105.296
AFTER,9232,1978270819.876
AFTER,9243,439739192.705
AFTER,9254,1247991878.075
AFTER,9265,1033921005.634
AFTER,9275,1315243361.354
AFTER,9286,1590993825.653
AFTER,9297,674354060.456
AFTER,9308,2017229019.630
AFTER,9318,1342865508.707
AFTER,9329,1702180508.898
AFTER,9340,1160894876.832
AFTER,9351,1097765940.014
AFTER,9362,1572489552.610
AFTER,9372,564385357.681
AFTER,9383,1292261464.874
AFTER,9394,1453582214.793
AFTER,9405,1615791426.586
AFTER,9415,2433652492.137
AFTER,9426,488316633.135
AFTER,9437,1243324237.558
AFTER,9448,760623827.260
AFTER,9458,1675970919.331
AFTER,9469,1469799606.954
AFTER,9480,817625623.718
AFTER,9491,2128193375.830
AFTER,9502,734887075.771
AFTER,9512,2237316344.901
AFTER,9523,1077554520.939
AFTER,9534,1413551544.430
AFTER,9545,1674440020.687
AFTER,9555,373030496.444
AFTER,9566,1791340267.511
AFTER,9577,602095782.487
AFTER,9588,1784533597.786
AFTER,9598,2362116061.837
AFTER,9609,973645535.460
AFTER,9620,1546036744.879
AFTER,9631,484603552.639
AFTER,9641,1534065304.662
AFTER,9652,1588511624.331
AFTER,9663,1033538481.158
AFTER,9674,1566000987.262
AFTER,9685,367772916.437
AFTER,9695,2123727933.829
AFTER,9706,621941968.775
AFTER,9717,1571002948.763
AFTER,9728,1596710391.736
AFTER,9738,198113730.873
AFTER,9749,1986550941.082
AFTER,9760,191854374.980
AFTER,9771,1677832263.187
AFTER,9781,1310614247.402
AFTER,9792,1178652884.337
AFTER,9803,1456225546.046
AFTER,9814,506774012.170
AFTER,9825,1570539562.283
AFTER,9835,1335552434.077
AFTER,9846,1459483170.253
AFTER,9857,1398103647.378
AFTER,9868,1069324361.213
AFTER,9878,1603458002.799
AFTER,9889,484647851.153
AFTER,9900,1579441685.012
AFTER,9911,1067061760.286
AFTER,9921,680430969.505
AFTER,9932,2114490866.100
AFTER,9943,855718470.534
AFTER,9954,2089869945.220
AFTER,9964,616273962.569
AFTER,9975,1045394189.900
AFTER,9986,1163318196.962
AFTER,9997,1316553998.529
AFTER,10008,1577846940.144
AFTER,10018,984062771.043
AFTER,10029,1995943657.562
AFTER,10040,1410104967.409
AFTER,10051,1754052138.148
AFTER,10061,1363149256.441
AFTER,10072,1186439490.485
AFTER,10083,1510752078.362
AFTER,10094,691878148.948
AFTER,10104,1464815011.753
AFTER,10115,1509425485.359
AFTER,10126,1400101568.552
AFTER,10137,2555953037.381
AFTER,10148,533460694.733
AFTER,10158,1405700785.159
AFTER,10169,859937249.661
AFTER,10180,1383284346.058
AFTER,10191,1672000417.106
AFTER,10201,713420935.179
AFTER,10212,1904111343.044
AFTER,10223,577937081.762
AFTER,10234,2155518717.085
AFTER,10244,1132305244.828
AFTER,10255,1100505321.682
AFTER,10266,1757599303.995
AFTER,10277,460964443.280
AFTER,10287,1719237559.774
AFTER,10298,724883887.174
AFTER,10309,1319543286.480
AFTER,10320,2078621320.433
AFTER,10331,783973728.454
AFTER,10341,1629608843.541
AFTER,10352,360791880.431
AFTER,10363,1220274232.052
AFTER,10374,1751840347.239
AFTER,10384,763359772.744
AFTER,10395,1421328470.747
AFTER,10406,344282971.561
AFTER,10417,1935982229.682
AFTER,10427,411931438.716
AFTER,10438,1254851689.613
AFTER,10449,1523671011.206
AFTER,10460,52434789.774
AFTER,10471,2190668933.901
AFTER,10481,392557595.551
AFTER,10492,1537275567.262
AFTER,10503,1166349378.827
AFTER,10514,879593593.116
AFTER,10524,1550172598.747
AFTER,10535,716857436.763
AFTER,10546,1505460558.841
AFTER,10557,1569334154.966
AFTER,10567,1410944585.941
AFTER,10578,1680508629.594
AFTER,10589,1058954474.777
AFTER,10600,1621181438.586
AFTER,10610,968153766.335
AFTER,10621,1323802607.309
AFTER,10632,1111045530.528
AFTER,10643,892139499.498
AFTER,10654,2236459082.880
AFTER,10664,992867592.637
AFTER,10675,2219554573.938
AFTER,10686,888792966.658
AFTER,10697,1072391360.789
AFTER,10707,1226905074.354
AFTER,10718,1268452310.980
AFTER,10729,1619593976.369
AFTER,10740,1097425741.654
AFTER,10750,1901534931.472
AFTER,10761,1422819027.783
AFTER,10772,1743620126.893
AFTER,10783,1473965251.677
AFTER,10794,1062800843.328
AFTER,10804,1567376240.154
AFTER,10815,734240475.355
AFTER,10826,1354769810.639
AFTER,10837,1522989637.101
AFTER,10847,979200925.961
AFTER,10858,2451659732.508
AFTER,10869,347764155.623
AFTER,10880,1483390495.173
AFTER,10890,998614928.828
AFTER,10901,884736316.047
AFTER,10912,1803353580.360
AFTER,10923,475171122.741
AFTER,10933,1589329419.142
AFTER,10944,572236180.626
AFTER,10955,1951631446.961
AFTER,10966,1093194244.829
AFTER,10977,656073545.469
AFTER,10987,1711515570.352
AFTER,10998,577891498.746
AFTER,11009,1779211532.162
AFTER,11020,919398942.816
RESULT,Before,61340635136.0000
RESULT,After,41336299520.0000
RESULT,Drop_dB,3.43
Frequency: 7100.57 Hz
